{
	"metadata": {
		"name": "Vozer",
		"author": "mizhm",
		"version": 3,
		"source": "https://vozer.io",
		"regexp": "https://vozer.vn/(.*?)$",
		"description": "Vozer là web đọc truyện online miễn phí với với tổng hợp đầy đủ chuyện trên trời dưới đất, nhưng nổi bật nhất vẫn là là Truyện Voz. Nơi đây sản sinh ra những tác giả có những cuốn tự truyện có thể nói là huyền thoại một thời. Vozer có nhiều truyện mới nhất từ các tác giả với tất cả thể loại như Tâm linh, Tình yêu, Truyện ma,...",
		"local": "vi-VN",
		"language": "javascript",
		"type": "novel"
	},
	"script": {
		"home": "home.js",
		"genre": "genre.js",
		"detail": "detail.js",
		"search": "search.js",
		"page": "toc-page.js",
		"toc": "toc.js",
		"chap": "chap.js"
	}
}
