{
  "metadata": {
    "name": "Manhuarock",
    "author": "doremon04",
    "version": 3,
    "source": "https://manhuarock.net/",
    "regexp": "manhuarock.net/[a-zA-Z0-9-/]+/?$",
    "description": "Đọc truyện trên trang Manhuarock",
    "local": "vi-VN",
    "language": "javascript",
    "type": "comic"
  },
  "script": {
    "home": "home.js",
    "genre": "genre.js",
    "detail": "detail.js",
    "search": "search.js",
    "toc": "toc.js",
    "chap": "chap.js"
  }
}
