{
  "metadata": {
    "name": "truyenfree",
    "author": "mizhm",
    "version": 1,
    "source": "https://truyenfree.org",
    "regexp": "https://truyenfree.org/(.*?)$",
    "description": "TruyenFree: Thư viện Truyện và Sách chất lượng, đa dạng thể loại để phục vụ bạn đọc.",
    "locale": "vi_VN",
    "language": "javascript",
    "type": "novel"
  },
  "script": {
    "home": "home.js",
    "genre": "genre.js",
    "detail": "detail.js",
    "search": "search.js",
    "toc": "toc.js",
    "chap": "chap.js"
  }
}
